timestamp,filename,seed,num_points,num_frames,clusters,points_per_cluster,randomness_level,vel_magnitude,oscillation_magnitude,oscillation_factor,overlap_factor
2026-02-08T11:47:22.639486,simulations_5/particle_sim_random_1.csv,934246,20,1000,"[0, 1, 2, 3]","[8, 6, 6]",0.2,0.8,0.05,10,1.5
2026-02-08T11:47:22.712095,simulations_5/particle_sim_random_2.csv,41701,20,1000,"[0, 1, 2, 3]","[8, 6, 6]",0.8,0.8,0.05,10,1.5
2026-02-08T11:47:22.789808,simulations_5/particle_sim_random_3.csv,748549,20,1100,"[0, 1, 2, 3]","[8, 6, 6]",0.2,0.8,0.05,10,1.5
2026-02-08T11:47:22.867694,simulations_5/particle_sim_random_4.csv,784083,20,1100,"[0, 1, 2, 3]","[8, 6, 6]",0.8,0.8,0.05,10,1.5
2026-02-08T11:47:22.956346,simulations_5/particle_sim_random_5.csv,537803,20,1200,"[0, 1, 2, 3]","[8, 6, 6]",0.2,0.8,0.05,10,1.5
2026-02-08T11:47:23.040279,simulations_5/particle_sim_random_6.csv,132855,20,1200,"[0, 1, 2, 3]","[8, 6, 6]",0.8,0.8,0.05,10,1.5
2026-02-08T11:47:23.144569,simulations_5/particle_sim_random_7.csv,546711,20,1500,"[0, 1, 2, 3]","[8, 6, 6]",0.2,0.8,0.05,10,1.5
2026-02-08T11:47:23.249080,simulations_5/particle_sim_random_8.csv,185837,20,1500,"[0, 1, 2, 3]","[8, 6, 6]",0.8,0.8,0.05,10,1.5
2026-02-08T11:47:23.395350,simulations_5/particle_sim_random_9.csv,299015,20,2000,"[0, 1, 2, 3]","[8, 6, 6]",0.2,0.8,0.05,10,1.5
2026-02-08T11:47:23.540679,simulations_5/particle_sim_random_10.csv,646908,20,2000,"[0, 1, 2, 3]","[8, 6, 6]",0.8,0.8,0.05,10,1.5
2026-02-08T11:47:23.772276,simulations_5/particle_sim_random_11.csv,967426,20,3000,"[0, 1, 2, 3]","[8, 6, 6]",0.2,0.8,0.05,10,1.5
2026-02-08T11:47:23.994284,simulations_5/particle_sim_random_12.csv,461136,20,3000,"[0, 1, 2, 3]","[8, 6, 6]",0.8,0.8,0.05,10,1.5
2026-02-08T11:47:24.100154,simulations_5/particle_sim_random_13.csv,277658,30,1000,"[0, 1, 2, 3]","[12, 9, 9]",0.2,0.8,0.05,10,1.5
2026-02-08T11:47:24.203115,simulations_5/particle_sim_random_14.csv,406397,30,1000,"[0, 1, 2, 3]","[12, 9, 9]",0.8,0.8,0.05,10,1.5
2026-02-08T11:47:24.319211,simulations_5/particle_sim_random_15.csv,51843,30,1100,"[0, 1, 2, 3]","[12, 9, 9]",0.2,0.8,0.05,10,1.5
2026-02-08T11:47:24.434491,simulations_5/particle_sim_random_16.csv,694939,30,1100,"[0, 1, 2, 3]","[12, 9, 9]",0.8,0.8,0.05,10,1.5
2026-02-08T11:47:24.554746,simulations_5/particle_sim_random_17.csv,660027,30,1200,"[0, 1, 2, 3]","[12, 9, 9]",0.2,0.8,0.05,10,1.5
2026-02-08T11:47:24.683203,simulations_5/particle_sim_random_18.csv,858362,30,1200,"[0, 1, 2, 3]","[12, 9, 9]",0.8,0.8,0.05,10,1.5
2026-02-08T11:47:24.843314,simulations_5/particle_sim_random_19.csv,889408,30,1500,"[0, 1, 2, 3]","[12, 9, 9]",0.2,0.8,0.05,10,1.5
2026-02-08T11:47:25.007637,simulations_5/particle_sim_random_20.csv,794767,30,1500,"[0, 1, 2, 3]","[12, 9, 9]",0.8,0.8,0.05,10,1.5
2026-02-08T11:47:25.219160,simulations_5/particle_sim_random_21.csv,222819,30,2000,"[0, 1, 2, 3]","[12, 9, 9]",0.2,0.8,0.05,10,1.5
2026-02-08T11:47:25.437047,simulations_5/particle_sim_random_22.csv,515911,30,2000,"[0, 1, 2, 3]","[12, 9, 9]",0.8,0.8,0.05,10,1.5
2026-02-08T11:47:25.769749,simulations_5/particle_sim_random_23.csv,437888,30,3000,"[0, 1, 2, 3]","[12, 9, 9]",0.2,0.8,0.05,10,1.5
2026-02-08T11:47:26.091364,simulations_5/particle_sim_random_24.csv,476783,30,3000,"[0, 1, 2, 3]","[12, 9, 9]",0.8,0.8,0.05,10,1.5
2026-02-08T11:47:26.257101,simulations_5/particle_sim_random_25.csv,668505,50,1000,"[0, 1, 2, 3]","[20, 15, 15]",0.2,0.8,0.05,10,1.5
2026-02-08T11:47:26.426689,simulations_5/particle_sim_random_26.csv,590672,50,1000,"[0, 1, 2, 3]","[20, 15, 15]",0.8,0.8,0.05,10,1.5
2026-02-08T11:47:26.611113,simulations_5/particle_sim_random_27.csv,71154,50,1100,"[0, 1, 2, 3]","[20, 15, 15]",0.2,0.8,0.05,10,1.5
2026-02-08T11:47:26.787766,simulations_5/particle_sim_random_28.csv,733207,50,1100,"[0, 1, 2, 3]","[20, 15, 15]",0.8,0.8,0.05,10,1.5
2026-02-08T11:47:26.990100,simulations_5/particle_sim_random_29.csv,990906,50,1200,"[0, 1, 2, 3]","[20, 15, 15]",0.2,0.8,0.05,10,1.5
2026-02-08T11:47:27.191632,simulations_5/particle_sim_random_30.csv,833835,50,1200,"[0, 1, 2, 3]","[20, 15, 15]",0.8,0.8,0.05,10,1.5
2026-02-08T11:47:27.444512,simulations_5/particle_sim_random_31.csv,993555,50,1500,"[0, 1, 2, 3]","[20, 15, 15]",0.2,0.8,0.05,10,1.5
2026-02-08T11:47:27.691950,simulations_5/particle_sim_random_32.csv,460886,50,1500,"[0, 1, 2, 3]","[20, 15, 15]",0.8,0.8,0.05,10,1.5
2026-02-08T11:47:28.027675,simulations_5/particle_sim_random_33.csv,464485,50,2000,"[0, 1, 2, 3]","[20, 15, 15]",0.2,0.8,0.05,10,1.5
2026-02-08T11:47:28.358303,simulations_5/particle_sim_random_34.csv,587408,50,2000,"[0, 1, 2, 3]","[20, 15, 15]",0.8,0.8,0.05,10,1.5
2026-02-08T11:47:28.856730,simulations_5/particle_sim_random_35.csv,907616,50,3000,"[0, 1, 2, 3]","[20, 15, 15]",0.2,0.8,0.05,10,1.5
2026-02-08T11:47:29.341512,simulations_5/particle_sim_random_36.csv,274353,50,3000,"[0, 1, 2, 3]","[20, 15, 15]",0.8,0.8,0.05,10,1.5
2026-02-08T11:47:29.651605,simulations_5/particle_sim_random_37.csv,680838,100,1000,"[0, 1, 2, 3]","[40, 30, 30]",0.2,0.8,0.05,10,1.5
2026-02-08T11:47:29.972189,simulations_5/particle_sim_random_38.csv,676735,100,1000,"[0, 1, 2, 3]","[40, 30, 30]",0.8,0.8,0.05,10,1.5
2026-02-08T11:47:30.316965,simulations_5/particle_sim_random_39.csv,658310,100,1100,"[0, 1, 2, 3]","[40, 30, 30]",0.2,0.8,0.05,10,1.5
2026-02-08T11:47:30.655596,simulations_5/particle_sim_random_40.csv,45641,100,1100,"[0, 1, 2, 3]","[40, 30, 30]",0.8,0.8,0.05,10,1.5
2026-02-08T11:47:31.019347,simulations_5/particle_sim_random_41.csv,510671,100,1200,"[0, 1, 2, 3]","[40, 30, 30]",0.2,0.8,0.05,10,1.5
2026-02-08T11:47:31.392245,simulations_5/particle_sim_random_42.csv,35080,100,1200,"[0, 1, 2, 3]","[40, 30, 30]",0.8,0.8,0.05,10,1.5
2026-02-08T11:47:31.865013,simulations_5/particle_sim_random_43.csv,524803,100,1500,"[0, 1, 2, 3]","[40, 30, 30]",0.2,0.8,0.05,10,1.5
2026-02-08T11:47:32.341868,simulations_5/particle_sim_random_44.csv,267324,100,1500,"[0, 1, 2, 3]","[40, 30, 30]",0.8,0.8,0.05,10,1.5
2026-02-08T11:47:32.976576,simulations_5/particle_sim_random_45.csv,426706,100,2000,"[0, 1, 2, 3]","[40, 30, 30]",0.2,0.8,0.05,10,1.5
2026-02-08T11:47:33.749263,simulations_5/particle_sim_random_46.csv,37846,100,2000,"[0, 1, 2, 3]","[40, 30, 30]",0.8,0.8,0.05,10,1.5
2026-02-08T11:47:34.717485,simulations_5/particle_sim_random_47.csv,164847,100,3000,"[0, 1, 2, 3]","[40, 30, 30]",0.2,0.8,0.05,10,1.5
2026-02-08T11:47:35.685288,simulations_5/particle_sim_random_48.csv,32426,100,3000,"[0, 1, 2, 3]","[40, 30, 30]",0.8,0.8,0.05,10,1.5
