,Unnamed: 0,name,method,params,matrix,clustering,runtime,Q,dataset
0,0,COMET,ship,"{'partitioning_method': <PartitioningMethod.Stability: 12>, 'hierarchie': 2, 'tiebreaker_method': 'euclidean_distance'}",delta+1std,[1 1 1 0 0 0 0 0 0 0 0 3 3 2 2 5 5 4 4 4 4],5.05973219871521,0.0661506571279002,fs-peptide_trajectory-1
1,1,Geostas,Geostas,,,[3 3 3 3 3 3 2 2 2 4 4 4 4 4 1 1 1 1 1 1 1],19.446377992630005,0.2521763671046532,fs-peptide_trajectory-1
2,2,Resicon,,,,[2 2 1 1 1 1 1 1 1 0 0 0 0 0 0 0 0 0 3 3 3],8.940700769424438,0.1972133336289776,fs-peptide_trajectory-1
3,3,Comodo,Comodo,Elastic Network,,[1 1 1 1 1 1 1 1 2 2 2 2 2 3 3 3 3 3 3 3 3],0.3657832145690918,0.3152288718161574,fs-peptide_trajectory-1
4,0,COMET,ship,"{'partitioning_method': <PartitioningMethod.Stability: 12>, 'hierarchie': 2, 'tiebreaker_method': 'euclidean_distance'}",delta+1std,[3 3 3 2 2 2 1 1 0 0 0 4 4 4 4 4 5 5 5 5 5],4.843284368515015,0.0321966415537255,fs-peptide_trajectory-2
5,1,Geostas,Geostas,,,[3 3 3 3 3 3 3 1 1 1 1 1 4 4 4 4 4 2 2 2 2],49.915546894073486,0.2098993775086148,fs-peptide_trajectory-2
6,2,Resicon,,,,[2 2 3 3 3 3 3 3 3 3 3 3 3 3 3 3 3 0 0 1 1],19.93421602249145,0.2398102814811041,fs-peptide_trajectory-2
7,3,Comodo,Comodo,Elastic Network,,[1 1 1 1 1 1 1 1 2 2 2 2 2 3 3 3 3 3 3 3 3],1.5655360221862793,0.3283380425159621,fs-peptide_trajectory-2
8,0,COMET,ship,"{'partitioning_method': <PartitioningMethod.Stability: 12>, 'hierarchie': 2, 'tiebreaker_method': 'euclidean_distance'}",delta+1std,[1 1 1 1 0 0 0 0 0 2 2 2 4 4 4 4 4 4 3 3 3],5.729790449142456,0.0869438910759949,fs-peptide_trajectory-3
9,1,Geostas,Geostas,,,[2 2 2 2 2 2 1 1 1 4 4 4 4 4 3 3 3 3 3 3 3],21.482016801834103,0.216766581543206,fs-peptide_trajectory-3
10,2,Resicon,,,,[2 2 3 3 3 3 3 3 3 3 3 3 3 3 3 3 3 0 0 1 1],8.724364042282104,0.2507413452272387,fs-peptide_trajectory-3
11,3,Comodo,Comodo,Elastic Network,,[1 1 1 1 1 1 1 1 2 2 2 2 2 3 3 3 3 3 3 3 3],0.3664109706878662,0.3025976322466899,fs-peptide_trajectory-3
12,0,COMET,ship,"{'partitioning_method': <PartitioningMethod.Stability: 12>, 'hierarchie': 2, 'tiebreaker_method': 'euclidean_distance'}",delta+1std,"[ 1  1  1 10 10 10 11 11 10  9  9  9  7  7  7  7  8  8  8  4  4  4  0  0
  0  0  3  3  2  2  6  6  6  6  5  5 14 14 14 14 12 12 12 12 13 13 13 19
 19 19 19 16 16 16 15 15 15 15 15 18 18 18 18 17 17 17 25 25 25 25 23 23
 23 22 22 21 21 20 20 24 24 24 24 24 24 24 27 27 27 26 26 26 28 28 28 28
 28 28 28 28 37 37 37 37 36 36 36 35 34 34 34 34 35 35 30 30 29 29 30 31
 31 31 32 32 32 32 32 32 33 33 33 33 39 39 39 38 38 38 47 47 47 45 45 46
 46 41 41 41 41 40 40 40 43 43 42 42 44 44 44 51 51 51 51 48 48 48 48 48
 48 48 44 49 49 49 49 50 50 50 53 53 52 52 52 55 55 54 54 54 54 56 56 56
 58 58 58 57 57 57]",6.435162305831909,0.0440136263621465,hiv_1
13,1,Geostas,Geostas,,,"[14  5  5  5  5  5  5  4  4  4  4  8  8  8  8  8  8  8  8  8  4  4  4  4
 13 13 13 13  6  6  6  1  7  7  7  7  7  7  7  7  7  1  1  1  1  1 12 12
 12 12 12 12 12 12  1  1  1  1  7  7  7  7  8  8  8  8  8  8  8  8  8  8
  7  7  7  1  1  1  1  1  4  4  4  4  6  6  6  6  6 14 14 14 14 14 14 14
  5  5  5  5 14 14 14 14 14 13 13 13  3  3  3  3  3  3  3  3  3  3  3  3
  3 13 13 13 13 13 13 13 11 11  2  2  2  2  2  2  2  2  2  2  9  9  9  9
  9 10 10 10 10 10 10 10 10  9  9  9  9  2 11 11 11 11  3  3  3  3  3  3
  3 11 11 11 11  2  9  2  9  9  9 10 13  3 13  3 13  5 11 11  5  5  5  5
  5  5  5  5 14 14]",60.10050106048584,0.2718215280547736,hiv_1
14,2,Resicon,,,,"[ 5  5  5  5  5  5  5  5  5 10 10 10 10 10 10 10 10 10 10 10 10 10 11 11
 11 11 11 11 11 11 11  2  2  2  2  6  6  6  6  6  6  6  6  9  9  9  9  9
  9  9  9  9  9  9  9  9  9  1  1  1  1  1  1  1 10 10 10  1  1  1  1  1
  1  1  1  2  2  2  2  2  2  2  2  2 11 11 11 11 11 11  8  8  8  8  8  8
  8  8  8  8  8  8  8  8  8  8  8  8 12 12 12 12 12 12 12 12 12 12 12 12
 12  3  3  3 11 11  3  3  3  3  3  3  3  7  7  7  7  7  7  7  7  7  7  0
  0  0  0  0  0  0  0  0  0  0  0  7  7  7  4  4  4  4  4  4 12 12  4  4
  4  4  4  4  4  7  7  7  3  3  3  3  3  3  3  3  3  3  3  4  3  5  4  4
  5  5  5 13 13 13]",61.167263984680176,0.2535416491919819,hiv_1
15,3,Comodo,Comodo,Elastic Network,,"[4 4 4 4 4 4 4 4 4 1 1 1 1 1 1 1 1 1 1 1 1 1 1 1 4 4 4 1 1 1 1 1 1 1 1 1 1
 1 1 1 1 1 1 1 3 3 3 3 3 3 3 3 3 3 3 3 1 1 1 1 1 1 1 1 1 1 1 1 1 1 1 1 1 1
 1 1 1 1 1 1 1 1 1 1 1 1 1 1 1 4 4 4 4 4 4 4 4 4 4 4 4 4 4 4 4 4 4 4 2 2 2
 2 2 2 2 2 2 2 2 2 2 4 4 4 4 4 4 4 4 4 2 2 2 2 2 2 2 2 2 2 2 2 2 2 3 3 3 3
 3 3 3 3 3 3 3 2 2 2 2 2 2 2 2 2 2 2 2 2 2 2 2 2 2 2 2 2 2 2 2 2 2 2 4 4 4
 4 4 4 4 4 4 4 4 4 4 4 4 4]",4.935740947723389,0.6960355789362667,hiv_1
